emp_id,name,attendance,experience,performance_score
201,Ajay,92,5,85
202,Neha,78,3,70
203,Rohit,95,7,90
204,Pooja,65,2,45
205,Kunal,88,4,80
206,William,89,5,81
207,James,90,6,82
208,Charles,91,7,83
209,George,92,8,84
210,Frank,93,9,85
211,Joseph,94,10,86
212,Thomas,95,11,87
213,Henry,96,12,88
214,Robert,97,13,89
215,Edward,98,14,90
216,Harry,99,15,91
217,Walter,100,16,92
218,Arthur,101,17,93
219,Fred,102,18,94
220,Albert,103,19,95
221,Samuel,104,20,96
222,David,105,21,97
223,Louis,106,22,98
224,Joe,107,23,99
225,Charlie,108,24,100
226,Laura,109,25,101
227,Nellie,110,26,102
228,Grace,111,27,103
229,Carrie,112,28,104
230,Maude,113,29,105
231,Mabel,114,30,106
232,Bessie,115,31,107
233,Jennie,116,32,108
234,Gertrude,117,33,109
235,Julia,118,34,110
236,Hattie,119,35,111
237,Edith,120,36,112
238,Mattie,121,37,113
239,Rose,122,38,114
240,Catherine,123,39,115
241,Lillian,124,40,116
242,Ada,125,41,117
243,Lillie,126,42,118
244,Helen,127,43,119
245,Jessie,128,44,120
246,Louise,129,45,121
247,Ethel,130,46,122
248,Lula,131,47,123
249,Myrtle,132,48,124
250,Eva,133,49,125
251,Frances,134,50,126
252,Lena,135,51,127
253,Lucy,136,52,128
254,Edna,137,53,129
255,Maggie,138,54,130
256,Jim,139,55,131
257,Francis,140,56,132
258,Harvey,141,57,133
259,Earl,142,58,134
260,Eugene,143,59,135
261,Ralph,144,60,136
262,Ed,145,61,137
263,Claude,146,62,138
264,Edwin,147,63,139
265,Ben,148,64,140
266,Charley,149,65,141
267,Paul,150,66,142
268,Edgar,151,67,143
269,Isaac,152,68,144
270,Otto,153,69,145
271,Luther,154,70,146
